{"p_ammo_box_001":[
    {"position":[699.07861328125,535.35528564453,124.60062408447], "rotation": 0}
]
}