{"p_ammo_box_001":[
    {"position":[699.07861328125,535.35528564453,124.60062408447],"rotation":0},
        {"position":[2328.5961914062,-1364.1485595703,44.956058502197],"rotation":299.99993896484},
            {"position":[2336.2041015625,-1368.5445556641,44.76050567627],"rotation":359.99942016602},
                {"position":[2336.5026855469,-1368.4797363281,44.721218109131],"rotation":109.99996185303}]}